UserName,Route,Fare,No. of Tickets,Total Bill
anasshaikh41,Jail Chowrangi TO M A JINNAH Road,75,5,375
adil41,NIPA TO Hassan Square,50,2,100
anasshaikh4,Hassan Square TO Jail Chowrangi,75,4,300
anasshaikh4,Hassan Square TO Jail Chowrangi,75,1,75
anasshaikh109,Jail Chowrangi TO M A JINNAH Road,75,2,150
ashhad4,Jail Chowrangi TO M A JINNAH Road,75,2,150
taimur.tj,Hassan Square TO Jail Chowrangi,75,2,150
taimur.tj,Hassan Square TO Jail Chowrangi,75,2,150
taimur.tj,NIPA TO Hassan Square,50,4,200
farzam.fk,NIPA TO Hassan Square,50,2,100
hassu,NIPA TO Hassan Square,50,2,100
